"MUN_NOTI";"ano";"casos_vivax";"casos_falciparum";"total_casos"
110001;2020;188;188;376
110001;2021;275;284;559
110001;2022;380;386;766
110001;2023;262;262;524
110001;2024;204;205;409
110002;2020;6087;6498;12585
110002;2021;3968;4640;8608
110002;2022;4475;5134;9609
110002;2023;3119;3485;6604
110002;2024;1873;2030;3903
110003;2020;1;2;3
110003;2022;2;2;4
110003;2023;1;2;3
110003;2024;104;104;208
110004;2020;1266;1419;2685
110004;2021;853;939;1792
110004;2022;1640;1779;3419
110004;2023;1622;1688;3310
110004;2024;775;804;1579
110005;2020;57;57;114
110005;2021;39;45;84
110005;2022;142;147;289
110005;2023;39;40;79
110005;2024;189;194;383
110006;2020;193;196;389
110006;2021;121;122;243
110006;2022;197;197;394
110006;2023;104;104;208
110006;2024;212;212;424
110007;2020;147;148;295
110007;2021;197;204;401
110007;2022;196;202;398
110007;2023;150;154;304
110007;2024;186;186;372
110008;2020;4445;4699;9144
110008;2021;3587;3742;7329
110008;2022;2176;2220;4396
110008;2023;2242;2285;4527
110008;2024;707;708;1415
110009;2020;783;976;1759
110009;2021;660;706;1366
110009;2022;326;328;654
110009;2023;242;242;484
110009;2024;238;244;482
110010;2020;7257;7592;14849
110010;2021;15154;16355;31509
110010;2022;14573;15995;30568
110010;2023;13498;14257;27755
110010;2024;9670;10073;19743
110011;2020;1694;1759;3453
110011;2021;1509;1586;3095
110011;2022;1945;2051;3996
110011;2023;1429;1448;2877
110011;2024;1516;1531;3047
110012;2020;866;926;1792
110012;2021;972;1083;2055
110012;2022;826;908;1734
110012;2023;589;653;1242
110012;2024;958;1000;1958
110013;2020;9380;9844;19224
110013;2021;9653;10218;19871
110013;2022;11383;12113;23496
110013;2023;7804;8366;16170
110013;2024;6624;6914;13538
110014;2020;108;113;221
110014;2021;52;58;110
110014;2022;18;18;36
110014;2023;62;70;132
110014;2024;31;37;68
110015;2020;830;855;1685
110015;2021;438;484;922
110015;2022;422;468;890
110015;2023;189;207;396
110015;2024;222;235;457
110018;2020;1600;1623;3223
110018;2021;1660;1681;3341
110018;2022;1583;1600;3183
110018;2023;1407;1419;2826
110018;2024;1350;1355;2705
110020;2020;89205;92336;181541
110020;2021;97147;102885;200032
110020;2022;135824;140470;276294
110020;2023;132931;138515;271446
110020;2024;126018;129844;255862
110025;2020;591;604;1195
110025;2021;761;798;1559
110025;2022;914;921;1835
110025;2023;759;770;1529
110025;2024;701;702;1403
110026;2020;504;509;1013
110026;2021;404;427;831
110026;2022;860;903;1763
110026;2023;835;892;1727
110026;2024;962;1006;1968
110028;2020;123;138;261
110028;2021;187;216;403
110028;2022;128;140;268
110028;2023;155;165;320
110028;2024;110;112;222
110029;2024;10;12;22
110030;2020;887;928;1815
110030;2021;709;761;1470
110030;2022;1767;1830;3597
110030;2023;1872;1919;3791
110030;2024;3302;3365;6667
110032;2020;73;80;153
110032;2021;28;31;59
110032;2022;70;75;145
110032;2023;50;52;102
110032;2024;46;46;92
110033;2020;2317;2326;4643
110033;2021;5657;5831;11488
110033;2022;4810;4964;9774
110033;2023;3068;3098;6166
110033;2024;1915;1933;3848
110034;2020;86;86;172
110034;2021;14;16;30
110034;2023;19;22;41
110034;2024;15;16;31
110037;2020;25;28;53
110037;2021;34;42;76
110037;2022;12;13;25
110037;2023;4;4;8
110037;2024;45;45;90
110040;2020;734;764;1498
110040;2021;890;959;1849
110040;2022;1249;1287;2536
110040;2023;1062;1090;2152
110040;2024;800;808;1608
110045;2020;2544;2619;5163
110045;2021;2283;2375;4658
110045;2022;2048;2137;4185
110045;2023;1386;1446;2832
110045;2024;1287;1311;2598
110050;2020;15;15;30
110050;2021;18;22;40
110050;2022;31;36;67
110050;2023;23;23;46
110050;2024;14;14;28
110060;2020;91;92;183
110060;2021;37;40;77
110060;2022;17;22;39
110060;2023;5;6;11
110060;2024;2;2;4
110070;2020;256;279;535
110070;2021;463;494;957
110070;2022;251;263;514
110070;2023;252;264;516
110070;2024;321;327;648
110080;2020;22493;23644;46137
110080;2021;21415;22101;43516
110080;2022;19427;19868;39295
110080;2023;19966;20708;40674
110080;2024;16732;17325;34057
110090;2021;2;2;4
110090;2022;2;2;4
110092;2020;11;14;25
110092;2021;40;44;84
110092;2022;119;126;245
110092;2023;105;110;215
110092;2024;273;274;547
110094;2020;4249;4501;8750
110094;2021;5704;6107;11811
110094;2022;3865;4116;7981
110094;2023;3182;3286;6468
110094;2024;3005;3106;6111
110100;2020;16;16;32
110100;2021;19;19;38
110100;2022;11;13;24
110100;2023;5;7;12
110100;2024;5;6;11
110110;2020;4605;4670;9275
110110;2021;3586;3701;7287
110110;2022;3455;3559;7014
110110;2023;3309;3386;6695
110110;2024;2091;2116;4207
110120;2020;14;19;33
110120;2021;4;4;8
110120;2022;2;2;4
110120;2023;2;2;4
110120;2024;18;18;36
110130;2020;984;1169;2153
110130;2021;692;777;1469
110130;2022;56;56;112
110130;2023;23;24;47
110130;2024;13;14;27
110140;2020;328;330;658
110140;2021;273;287;560
110140;2022;207;229;436
110140;2023;244;258;502
110140;2024;472;476;948
110143;2020;69;81;150
110143;2021;61;64;125
110143;2022;2;2;4
110143;2023;3;3;6
110145;2020;3;4;7
110145;2021;10;10;20
110145;2022;8;10;18
110145;2023;6;6;12
110145;2024;36;37;73
110146;2020;166;166;332
110146;2021;11;12;23
110146;2022;122;123;245
110146;2023;118;119;237
110146;2024;118;118;236
110147;2024;12;12;24
110149;2020;624;658;1282
110149;2021;540;570;1110
110149;2022;654;670;1324
110149;2023;445;463;908
110149;2024;309;310;619
110150;2020;9;14;23
110150;2021;67;80;147
110150;2022;59;62;121
110150;2023;16;20;36
110150;2024;88;89;177
110155;2020;68;83;151
110155;2021;104;109;213
110155;2022;47;48;95
110155;2023;17;17;34
110155;2024;42;42;84
110160;2020;287;309;596
110160;2021;261;265;526
110160;2022;256;261;517
110160;2023;166;167;333
110160;2024;150;154;304
110170;2020;135;152;287
110170;2021;118;131;249
110170;2022;47;54;101
110170;2023;60;61;121
110170;2024;17;18;35
110175;2020;668;689;1357
110175;2021;614;636;1250
110175;2022;833;852;1685
110175;2023;1505;1514;3019
110175;2024;769;773;1542
110180;2020;66;70;136
110180;2021;95;101;196
110180;2022;139;151;290
110180;2023;89;94;183
110180;2024;51;52;103
120001;2020;1856;1987;3843
120001;2021;2009;2058;4067
120001;2022;953;972;1925
120001;2023;2083;2124;4207
120001;2024;1335;1341;2676
120005;2022;31;36;67
120005;2024;2;2;4
120010;2020;48;48;96
120010;2021;56;58;114
120010;2022;78;80;158
120010;2023;115;125;240
120010;2024;53;57;110
120013;2020;735;729;1464
120013;2021;400;406;806
120013;2022;1748;1760;3508
120013;2023;2064;2062;4126
120013;2024;465;470;935
120017;2020;215;224;439
120017;2021;162;178;340
120017;2022;307;342;649
120017;2023;226;240;466
120017;2024;48;48;96
120020;2020;153213;155182;308395
120020;2021;158842;162332;321174
120020;2022;108332;110058;218390
120020;2023;109470;110046;219516
120020;2024;123121;123955;247076
120025;2020;104;130;234
120025;2021;25;26;51
120025;2022;8;8;16
120025;2023;10;10;20
120025;2024;17;20;37
120030;2020;129;132;261
120030;2021;109;112;221
120030;2022;84;83;167
120030;2023;219;220;439
120030;2024;102;102;204
120032;2020;158;156;314
120032;2021;70;71;141
120032;2022;50;50;100
120032;2023;66;66;132
120032;2024;382;381;763
120033;2020;50073;50509;100582
120033;2021;39071;39485;78556
120033;2022;46733;48352;95085
120033;2023;44994;47017;92011
120033;2024;31586;32223;63809
120034;2020;14;14;28
120034;2021;10;12;22
120034;2022;9;10;19
120034;2023;8;8;16
120034;2024;6;6;12
120035;2020;796;813;1609
120035;2021;1206;1190;2396
120035;2022;547;550;1097
120035;2023;179;181;360
120035;2024;1598;1597;3195
120038;2020;3388;3472;6860
120038;2021;4662;4707;9369
120038;2022;5091;5183;10274
120038;2023;6258;6343;12601
120038;2024;3680;3780;7460
120039;2020;3592;3813;7405
120039;2021;5263;5376;10639
120039;2022;2921;2954;5875
120039;2023;1214;1223;2437
120039;2024;2654;2673;5327
120040;2020;8126;8328;16454
120040;2021;7579;7773;15352
120040;2022;5972;6114;12086
120040;2023;14844;15041;29885
120040;2024;6144;6360;12504
120042;2020;33168;33353;66521
120042;2021;27716;28009;55725
120042;2022;23273;23641;46914
120042;2023;22643;22757;45400
120042;2024;26779;26914;53693
120045;2020;1357;1375;2732
120045;2021;580;592;1172
120045;2022;410;426;836
120045;2023;651;660;1311
120045;2024;524;531;1055
120050;2020;139;152;291
120050;2021;74;81;155
120050;2022;37;40;77
120050;2023;73;80;153
120050;2024;37;38;75
120060;2020;2710;2719;5429
120060;2021;2730;2750;5480
120060;2022;2155;2157;4312
120060;2023;3079;3085;6164
120060;2024;2721;2726;5447
120070;2020;3;4;7
120070;2021;20;20;40
120070;2022;6;6;12
120070;2023;14;15;29
120070;2024;2;2;4
120080;2020;842;902;1744
120080;2021;372;400;772
120080;2022;248;256;504
120080;2023;323;339;662
120080;2024;119;120;239
130002;2020;15417;15476;30893
130002;2021;14474;14601;29075
130002;2022;30019;30258;60277
130002;2023;38756;40145;78901
130002;2024;35824;37340;73164
130006;2020;2515;2515;5030
130006;2021;3479;3483;6962
130006;2022;3082;3085;6167
130006;2023;2810;2820;5630
130006;2024;1913;1921;3834
130008;2020;348;350;698
130008;2021;120;120;240
130008;2022;516;516;1032
130008;2023;661;662;1323
130008;2024;610;612;1222
130010;2020;628;628;1256
130010;2021;1843;1844;3687
130010;2022;1517;1515;3032
130010;2023;1430;1431;2861
130010;2024;2004;2005;4009
130014;2020;3283;3511;6794
130014;2021;4012;4377;8389
130014;2022;6908;7385;14293
130014;2023;4933;5164;10097
130014;2024;3597;3740;7337
130020;2020;41655;42296;83951
130020;2021;63931;64828;128759
130020;2022;82213;83641;165854
130020;2023;79856;80453;160309
130020;2024;102255;103325;205580
130030;2020;1946;1968;3914
130030;2021;1609;1618;3227
130030;2022;2006;2014;4020
130030;2023;2478;2482;4960
130030;2024;1690;1697;3387
130040;2020;98597;100657;199254
130040;2021;118904;123008;241912
130040;2022;182620;185337;367957
130040;2023;176828;179124;355952
130040;2024;189744;192750;382494
130050;2020;1236;1235;2471
130050;2021;1928;1929;3857
130050;2022;3059;3057;6116
130050;2023;4689;4692;9381
130050;2024;1764;1761;3525
130060;2020;5193;5186;10379
130060;2021;4787;4789;9576
130060;2022;4859;4889;9748
130060;2023;4812;4832;9644
130060;2024;8541;8607;17148
130063;2020;1737;1745;3482
130063;2021;2434;2486;4920
130063;2022;1529;1532;3061
130063;2023;3629;3635;7264
130063;2024;3236;3239;6475
130068;2020;179;189;368
130068;2021;222;223;445
130068;2022;311;317;628
130068;2023;370;370;740
130068;2024;381;382;763
130070;2020;9618;9805;19423
130070;2021;5631;5679;11310
130070;2022;4244;4261;8505
130070;2023;3584;3639;7223
130070;2024;1999;1999;3998
130080;2020;7450;7462;14912
130080;2021;9516;9514;19030
130080;2022;16267;16266;32533
130080;2023;21249;21288;42537
130080;2024;15716;15722;31438
130083;2020;2261;2290;4551
130083;2021;837;850;1687
130083;2022;1006;1008;2014
130083;2023;640;640;1280
130083;2024;590;592;1182
130090;2020;6102;6207;12309
130090;2021;10494;10935;21429
130090;2022;9605;9956;19561
130090;2023;10015;10264;20279
130090;2024;7723;7785;15508
130100;2020;35801;36844;72645
130100;2021;40773;41316;82089
130100;2022;33306;33949;67255
130100;2023;31657;32547;64204
130100;2024;32960;33874;66834
130110;2020;5721;5781;11502
130110;2021;4016;4092;8108
130110;2022;4643;4680;9323
130110;2023;5077;5179;10256
130110;2024;3366;3414;6780
130115;2020;616;616;1232
130115;2021;244;244;488
130115;2022;134;134;268
130115;2023;126;125;251
130115;2024;87;88;175
130120;2020;45542;46682;92224
130120;2021;49189;50700;99889
130120;2022;52256;53966;106222
130120;2023;54995;56191;111186
130120;2024;49231;50526;99757
130130;2020;492;499;991
130130;2021;578;586;1164
130130;2022;255;256;511
130130;2023;582;586;1168
130130;2024;565;573;1138
130140;2020;37078;37339;74417
130140;2021;36012;36248;72260
130140;2022;53368;54324;107692
130140;2023;48336;49070;97406
130140;2024;47182;47681;94863
130150;2020;1837;1852;3689
130150;2021;2038;2044;4082
130150;2022;3354;3357;6711
130150;2023;3188;3290;6478
130150;2024;1944;1967;3911
130160;2020;1887;1886;3773
130160;2021;1897;1897;3794
130160;2022;573;573;1146
130160;2023;1872;1878;3750
130160;2024;1506;1505;3011
130165;2020;21835;22222;44057
130165;2021;35537;36298;71835
130165;2022;43884;45093;88977
130165;2023;37729;39007;76736
130165;2024;36751;38022;74773
130170;2020;28141;29851;57992
130170;2021;29915;31645;61560
130170;2022;30577;32048;62625
130170;2023;35619;38526;74145
130170;2024;30884;32793;63677
130180;2020;63982;66532;130514
130180;2021;63882;65279;129161
130180;2022;80615;82721;163336
130180;2023;101623;102905;204528
130180;2024;110623;111940;222563
130185;2020;21317;21496;42813
130185;2021;33595;33626;67221
130185;2022;42303;42471;84774
130185;2023;35660;35945;71605
130185;2024;18905;19108;38013
130190;2020;14867;15451;30318
130190;2021;9814;9879;19693
130190;2022;9205;9218;18423
130190;2023;8782;8793;17575
130190;2024;7263;7266;14529
130195;2020;10829;11105;21934
130195;2021;7347;7417;14764
130195;2022;14469;14558;29027
130195;2023;19906;20202;40108
130195;2024;19305;19437;38742
130200;2020;4164;4288;8452
130200;2021;2541;2552;5093
130200;2022;2967;2996;5963
130200;2023;2600;2615;5215
130200;2024;2260;2262;4522
130210;2020;5039;5207;10246
130210;2021;8046;8498;16544
130210;2022;2308;2458;4766
130210;2023;4787;5012;9799
130210;2024;3434;3552;6986
130220;2020;3404;3413;6817
130220;2021;3888;3899;7787
130220;2022;2389;2404;4793
130220;2023;3801;3841;7642
130220;2024;5076;5196;10272
130230;2020;22717;23277;45994
130230;2021;13546;13727;27273
130230;2022;20354;20739;41093
130230;2023;17965;18231;36196
130230;2024;25527;25978;51505
130240;2020;39366;40448;79814
130240;2021;37478;38343;75821
130240;2022;52169;53137;105306
130240;2023;50886;51520;102406
130240;2024;40924;41960;82884
130250;2020;23710;23842;47552
130250;2021;14239;14280;28519
130250;2022;13783;13800;27583
130250;2023;13189;13214;26403
130250;2024;12002;12025;24027
130255;2020;2043;2064;4107
130255;2021;1879;1878;3757
130255;2022;2464;2493;4957
130255;2023;1914;1917;3831
130255;2024;1099;1109;2208
130260;2020;203641;211987;415628
130260;2021;187891;194133;382024
130260;2022;169828;174452;344280
130260;2023;194639;200726;395365
130260;2024;206346;214062;420408
130270;2020;13443;13905;27348
130270;2021;11539;12208;23747
130270;2022;11828;12017;23845
130270;2023;11416;11640;23056
130270;2024;9145;9376;18521
130280;2020;4284;4416;8700
130280;2021;3577;3691;7268
130280;2022;2159;2186;4345
130280;2023;1919;1937;3856
130280;2024;4466;4708;9174
130290;2020;3256;3323;6579
130290;2021;4172;4225;8397
130290;2022;3679;3680;7359
130290;2023;4731;5338;10069
130290;2024;1543;1704;3247
130300;2020;254;256;510
130300;2021;1483;1509;2992
130300;2022;2202;2245;4447
130300;2023;607;615;1222
130300;2024;312;313;625
130310;2020;1104;1150;2254
130310;2021;715;726;1441
130310;2022;481;489;970
130310;2023;688;718;1406
130310;2024;635;650;1285
130320;2020;6532;6535;13067
130320;2021;4273;4276;8549
130320;2022;3282;3284;6566
130320;2023;3585;3586;7171
130320;2024;3064;3068;6132
130330;2020;4976;5098;10074
130330;2021;4501;4586;9087
130330;2022;7832;8155;15987
130330;2023;8414;8631;17045
130330;2024;7957;8287;16244
130340;2020;1833;1855;3688
130340;2021;3227;3280;6507
130340;2022;2881;2934;5815
130340;2023;19540;22587;42127
130340;2024;7901;8309;16210
130350;2020;5023;5070;10093
130350;2021;5268;5259;10527
130350;2022;8488;8532;17020
130350;2023;4136;4155;8291
130350;2024;4169;4175;8344
130353;2020;21847;23426;45273
130353;2021;20908;21433;42341
130353;2022;11020;11105;22125
130353;2023;5927;5962;11889
130353;2024;6691;6710;13401
130356;2020;5659;6145;11804
130356;2021;3904;4010;7914
130356;2022;2074;2113;4187
130356;2023;4787;4992;9779
130356;2024;7601;7520;15121
130360;2020;25387;25860;51247
130360;2021;43532;43702;87234
130360;2022;73314;73870;147184
130360;2023;74014;74517;148531
130360;2024;82486;83229;165715
130370;2020;10946;10989;21935
130370;2021;9130;9121;18251
130370;2022;17305;17521;34826
130370;2023;20819;21072;41891
130370;2024;24703;24968;49671
130380;2020;130532;133636;264168
130380;2021;117903;121082;238985
130380;2022;117920;122221;240141
130380;2023;147427;152059;299486
130380;2024;171760;177014;348774
130390;2020;4940;4952;9892
130390;2021;5398;5453;10851
130390;2022;7328;7357;14685
130390;2023;5711;5730;11441
130390;2024;6746;6850;13596
130395;2020;5301;5409;10710
130395;2021;5463;5468;10931
130395;2022;5323;5326;10649
130395;2023;4664;4665;9329
130395;2024;4248;4248;8496
130400;2020;3403;3412;6815
130400;2021;1361;1372;2733
130400;2022;2110;2110;4220
130400;2023;1532;1536;3068
130400;2024;1117;1116;2233
130406;2020;13942;13962;27904
130406;2021;9157;9145;18302
130406;2022;8123;8124;16247
130406;2023;7408;7412;14820
130406;2024;11706;11905;23611
130410;2020;52569;53713;106282
130410;2021;54763;55836;110599
130410;2022;54986;55535;110521
130410;2023;47444;47887;95331
130410;2024;56380;57163;113543
130420;2020;66509;67960;134469
130420;2021;81536;84226;165762
130420;2022;55383;55773;111156
130420;2023;67594;68471;136065
130420;2024;86907;89288;176195
130423;2020;3982;3980;7962
130423;2021;766;768;1534
130423;2022;3103;3110;6213
130423;2023;4123;4032;8155
130423;2024;4918;4912;9830
130426;2020;9982;10003;19985
130426;2021;20768;21105;41873
130426;2022;19045;19107;38152
130426;2023;18238;18356;36594
130426;2024;23304;23567;46871
130430;2020;1663;1666;3329
130430;2021;2214;2215;4429
130430;2022;2855;2860;5715
130430;2023;1653;1655;3308
130430;2024;1012;1012;2024
130440;2020;427;427;854
130440;2021;438;438;876
130440;2022;556;555;1111
130440;2023;685;685;1370
130440;2024;532;533;1065
140002;2020;41470;43766;85236
140002;2021;31673;32328;64001
140002;2022;44718;45068;89786
140002;2023;98705;102095;200800
140002;2024;157863;162612;320475
140005;2020;42772;44897;87669
140005;2021;34223;35070;69293
140005;2022;44620;45119;89739
140005;2023;78461;79199;157660
140005;2024;148269;149504;297773
140010;2020;72623;74978;147601
140010;2021;67348;69476;136824
140010;2022;69291;71682;140973
140010;2023;56516;58620;115136
140010;2024;81667;82760;164427
140015;2020;4367;4457;8824
140015;2021;8060;8236;16296
140015;2022;6164;6363;12527
140015;2023;4758;4827;9585
140015;2024;3394;3407;6801
140017;2020;8566;8938;17504
140017;2021;5376;5532;10908
140017;2022;6130;6392;12522
140017;2023;9828;10295;20123
140017;2024;9051;9261;18312
140020;2020;12933;13374;26307
140020;2021;11385;11637;23022
140020;2022;24008;24454;48462
140020;2023;22569;23791;46360
140020;2024;27151;27748;54899
140023;2020;4658;5027;9685
140023;2021;3187;3387;6574
140023;2022;2735;2921;5656
140023;2023;5567;6006;11573
140023;2024;4994;5499;10493
140028;2020;7961;8284;16245
140028;2021;6338;6445;12783
140028;2022;6502;6637;13139
140028;2023;10227;10382;20609
140028;2024;21495;21662;43157
140030;2020;8530;9255;17785
140030;2021;10074;10363;20437
140030;2022;10832;11018;21850
140030;2023;12298;12561;24859
140030;2024;10589;10676;21265
140040;2020;252;274;526
140040;2021;3036;3133;6169
140040;2022;1530;1629;3159
140040;2023;1397;1434;2831
140040;2024;592;592;1184
140045;2020;15252;16710;31962
140045;2021;9949;10148;20097
140045;2022;4486;4690;9176
140045;2023;2813;2918;5731
140045;2024;13178;13775;26953
140047;2020;19452;21034;40486
140047;2021;14278;14934;29212
140047;2022;7903;8155;16058
140047;2023;11042;11304;22346
140047;2024;22819;23074;45893
140050;2020;6296;6704;13000
140050;2021;4347;4512;8859
140050;2022;2245;2297;4542
140050;2023;2709;2776;5485
140050;2024;3201;3370;6571
140060;2020;1413;1525;2938
140060;2021;1347;1421;2768
140060;2022;499;533;1032
140060;2023;1893;1976;3869
140060;2024;2907;3044;5951
140070;2020;7987;9396;17383
140070;2021;5841;6082;11923
140070;2022;4389;4645;9034
140070;2023;3284;3326;6610
140070;2024;7859;8090;15949
150010;2020;116;140;256
150010;2021;53;62;115
150010;2022;112;137;249
150010;2023;84;83;167
150010;2024;1068;1073;2141
150013;2020;1;2;3
150020;2020;98;98;196
150020;2021;86;86;172
150020;2022;6;6;12
150020;2023;62;62;124
150020;2024;191;191;382
150030;2020;6493;6726;13219
150030;2021;5740;5835;11575
150030;2022;6577;6804;13381
150030;2023;4040;4167;8207
150030;2024;4139;4250;8389
150034;2021;2;4;6
150034;2022;10;10;20
150034;2024;2;2;4
150040;2020;22534;24753;47287
150040;2021;11157;11551;22708
150040;2022;7635;7747;15382
150040;2023;5885;5992;11877
150040;2024;6919;7267;14186
150050;2020;3955;4081;8036
150050;2021;7780;8001;15781
150050;2022;4221;4286;8507
150050;2023;4285;4349;8634
150050;2024;2425;2465;4890
150060;2020;28284;28960;57244
150060;2021;23554;23807;47361
150060;2022;30505;30892;61397
150060;2023;27114;27521;54635
150060;2024;15884;16121;32005
150070;2020;44611;46732;91343
150070;2021;32951;33344;66295
150070;2022;52042;54645;106687
150070;2023;52539;54108;106647
150070;2024;50546;51123;101669
150080;2020;1252;1284;2536
150080;2021;594;618;1212
150080;2022;1772;1810;3582
150080;2023;1176;1200;2376
150080;2024;908;948;1856
150085;2020;2601;2636;5237
150085;2021;1414;1430;2844
150085;2022;3449;3465;6914
150085;2023;4285;4294;8579
150085;2024;1274;1280;2554
150090;2020;116;116;232
150090;2021;63;64;127
150090;2022;76;76;152
150090;2023;32;32;64
150090;2024;102;102;204
150095;2020;24;24;48
150095;2021;9;9;18
150095;2022;23;23;46
150095;2023;60;59;119
150095;2024;2;2;4
150100;2020;18;22;40
150100;2021;52;63;115
150100;2022;59;66;125
150100;2023;121;135;256
150100;2024;166;190;356
150110;2020;14359;15104;29463
150110;2021;5890;5971;11861
150110;2022;3638;3688;7326
150110;2023;3969;4029;7998
150110;2024;22142;23754;45896
150120;2020;777;849;1626
150120;2021;434;441;875
150120;2022;260;260;520
150120;2023;310;310;620
150120;2024;233;234;467
150125;2021;117;118;235
150125;2022;14;14;28
150125;2023;24;24;48
150125;2024;74;74;148
150130;2020;42;58;100
150130;2021;22;22;44
150130;2022;35;49;84
150130;2023;964;971;1935
150130;2024;291;296;587
150140;2020;5947;6069;12016
150140;2021;12756;12823;25579
150140;2022;21927;22274;44201
150140;2023;20949;21040;41989
150140;2024;23541;23636;47177
150145;2020;2;2;4
150145;2021;61;65;126
150145;2022;250;263;513
150145;2023;100;105;205
150145;2024;41;48;89
150150;2020;19;20;39
150150;2021;13;14;27
150150;2022;25;28;53
150150;2023;20;22;42
150150;2024;44;44;88
150157;2020;74;74;148
150157;2021;77;78;155
150157;2022;96;97;193
150157;2023;76;79;155
150157;2024;85;87;172
150160;2022;2;1;3
150170;2020;228;228;456
150170;2021;146;152;298
150170;2022;133;135;268
150170;2023;127;129;256
150170;2024;139;144;283
150172;2020;1731;1735;3466
150172;2021;1150;1151;2301
150172;2022;650;653;1303
150172;2023;619;630;1249
150172;2024;449;450;899
150175;2020;8;8;16
150175;2021;14;14;28
150175;2022;6;6;12
150175;2023;2;2;4
150175;2024;2;2;4
150178;2020;1920;1930;3850
150178;2021;954;960;1914
150178;2022;537;537;1074
150178;2023;119;125;244
150178;2024;611;611;1222
150180;2020;29185;30987;60172
150180;2021;17105;18178;35283
150180;2022;21214;22579;43793
150180;2023;28937;32003;60940
150180;2024;25732;26825;52557
150190;2020;18;18;36
150190;2022;10;10;20
150190;2023;2;2;4
150190;2024;2;2;4
150195;2020;691;704;1395
150195;2021;961;975;1936
150195;2022;995;1004;1999
150195;2023;644;655;1299
150195;2024;393;395;788
150210;2020;7160;7543;14703
150210;2021;2376;2440;4816
150210;2022;2030;2048;4078
150210;2023;1760;1760;3520
150210;2024;1947;1955;3902
150215;2020;4;4;8
150215;2021;30;31;61
150215;2022;30;33;63
150215;2023;34;41;75
150215;2024;17;20;37
150220;2020;41;41;82
150220;2021;27;27;54
150220;2022;51;53;104
150220;2023;56;65;121
150220;2024;30;34;64
150230;2022;20;20;40
150230;2023;68;68;136
150230;2024;38;38;76
150240;2020;123;131;254
150240;2021;137;141;278
150240;2022;95;96;191
150240;2023;204;207;411
150240;2024;166;174;340
150250;2020;1223;1251;2474
150250;2021;2322;2342;4664
150250;2022;2442;2470;4912
150250;2023;1141;1184;2325
150250;2024;2743;2823;5566
150260;2020;47;48;95
150260;2021;34;34;68
150260;2022;47;48;95
150260;2023;34;33;67
150260;2024;34;34;68
150270;2021;2;2;4
150270;2023;6;7;13
150275;2022;8;8;16
150276;2020;28;33;61
150276;2021;825;851;1676
150276;2022;1234;1284;2518
150276;2023;963;993;1956
150276;2024;395;400;795
150277;2020;1127;1128;2255
150277;2021;5681;5682;11363
150277;2022;294;293;587
150277;2023;18;18;36
150277;2024;12;12;24
150280;2020;2247;2335;4582
150280;2021;2740;2810;5550
150280;2022;1825;1850;3675
150280;2023;3349;3390;6739
150280;2024;5076;5113;10189
150285;2020;77;82;159
150285;2021;55;59;114
150285;2022;38;40;78
150285;2023;43;43;86
150285;2024;58;62;120
150290;2020;48;48;96
150290;2021;36;38;74
150290;2022;35;36;71
150290;2023;34;34;68
150290;2024;55;55;110
150293;2020;33;39;72
150293;2021;11;12;23
150293;2022;9;10;19
150293;2023;9;12;21
150295;2020;31;32;63
150295;2021;40;44;84
150295;2022;8;8;16
150295;2023;13;16;29
150295;2024;22;26;48
150300;2020;67;68;135
150300;2021;777;800;1577
150300;2022;1183;1217;2400
150300;2023;370;378;748
150300;2024;199;200;399
150304;2021;7;10;17
150304;2022;1;2;3
150304;2023;1;2;3
150307;2020;36;37;73
150307;2021;12;12;24
150307;2022;18;18;36
150307;2023;24;24;48
150307;2024;32;32;64
150309;2020;303;306;609
150309;2021;203;204;407
150309;2022;173;174;347
150309;2023;129;130;259
150309;2024;84;84;168
150310;2020;123;124;247
150310;2021;14;14;28
150310;2022;13;13;26
150310;2023;14;16;30
150310;2024;16;16;32
150320;2020;38;38;76
150320;2021;8;8;16
150320;2022;10;10;20
150320;2023;28;28;56
150320;2024;2;2;4
150330;2020;120;123;243
150330;2021;116;118;234
150330;2022;86;88;174
150330;2023;256;258;514
150330;2024;88;92;180
150340;2020;13;13;26
150340;2021;4;4;8
150340;2022;29;30;59
150340;2023;18;18;36
150340;2024;4;4;8
150345;2020;140;140;280
150345;2021;110;112;222
150345;2022;238;241;479
150345;2023;458;460;918
150345;2024;168;170;338
150350;2020;14;14;28
150350;2021;2;2;4
150350;2022;6;6;12
150350;2023;24;24;48
150350;2024;7;8;15
150360;2020;21202;22936;44138
150360;2021;26035;28229;54264
150360;2022;21962;23916;45878
150360;2023;27353;29463;56816
150360;2024;30899;33589;64488
150370;2020;3636;3645;7281
150370;2021;8041;8051;16092
150370;2022;4510;4509;9019
150370;2023;93;96;189
150370;2024;46;45;91
150375;2020;54303;57926;112229
150375;2021;67990;73227;141217
150375;2022;82419;88357;170776
150375;2023;81901;86917;168818
150375;2024;85225;88146;173371
150380;2020;109;110;219
150380;2021;81;82;163
150380;2022;90;91;181
150380;2023;108;112;220
150380;2024;48;50;98
150390;2020;474;475;949
150390;2021;468;472;940
150390;2022;431;433;864
150390;2023;53;62;115
150390;2024;81;83;164
150400;2020;727;730;1457
150400;2021;329;334;663
150400;2022;243;244;487
150400;2023;216;217;433
150400;2024;709;712;1421
150405;2022;6;6;12
150405;2023;2;2;4
150405;2024;4;4;8
150410;2020;26;26;52
150410;2021;22;22;44
150410;2022;114;114;228
150410;2023;136;136;272
150410;2024;82;82;164
150420;2020;352;395;747
150420;2021;272;296;568
150420;2022;336;351;687
150420;2023;331;361;692
150420;2024;201;217;418
150430;2020;20;20;40
150430;2021;48;48;96
150430;2022;103;103;206
150430;2023;57;58;115
150430;2024;130;132;262
150440;2020;510;510;1020
150440;2021;360;360;720
150440;2022;537;541;1078
150440;2023;444;444;888
150440;2024;288;288;576
150442;2020;525;530;1055
150442;2021;930;932;1862
150442;2022;2651;2656;5307
150442;2023;1324;1324;2648
150442;2024;753;758;1511
150445;2020;1060;1061;2121
150445;2021;1015;1019;2034
150445;2022;800;801;1601
150445;2023;705;705;1410
150445;2024;899;911;1810
150450;2020;59;60;119
150450;2021;26;26;52
150450;2022;2;2;4
150450;2023;2;2;4
150450;2024;26;26;52
150460;2020;1038;1038;2076
150460;2021;608;608;1216
150460;2022;492;492;984
150460;2023;498;497;995
150460;2024;642;641;1283
150470;2020;90;95;185
150470;2021;55;56;111
150470;2022;54;54;108
150470;2023;242;243;485
150470;2024;333;334;667
150475;2020;80;90;170
150475;2021;81;88;169
150475;2022;107;109;216
150475;2023;71;74;145
150475;2024;42;47;89
150480;2020;134;154;288
150480;2021;461;473;934
150480;2022;629;661;1290
150480;2023;302;358;660
150480;2024;266;295;561
150490;2020;413;421;834
150490;2021;110;112;222
150490;2022;46;46;92
150490;2023;60;60;120
150490;2024;2;2;4
150495;2020;66;66;132
150495;2021;26;26;52
150495;2022;48;48;96
150495;2023;39;42;81
150495;2024;31;31;62
150497;2020;20;20;40
150500;2020;6;6;12
150500;2022;1;2;3
150500;2023;6;6;12
150503;2020;1831;1926;3757
150503;2021;3878;4196;8074
150503;2022;4698;4986;9684
150503;2023;5902;6157;12059
150503;2024;4239;4445;8684
150506;2020;607;630;1237
150506;2021;573;591;1164
150506;2022;338;348;686
150506;2023;521;598;1119
150506;2024;182;196;378
150510;2020;438;450;888
150510;2021;101;108;209
150510;2022;1859;1882;3741
150510;2023;355;364;719
150510;2024;338;358;696
150520;2020;18031;19052;37083
150520;2021;13428;13806;27234
150520;2022;6494;6512;13006
150520;2023;7457;7468;14925
150520;2024;16773;17545;34318
150530;2020;10885;11490;22375
150530;2021;10639;11301;21940
150530;2022;7168;7314;14482
150530;2023;2977;2998;5975
150530;2024;3613;3689;7302
150540;2020;44;44;88
150540;2021;70;70;140
150540;2022;38;38;76
150540;2023;70;70;140
150540;2024;66;66;132
150543;2020;1394;1402;2796
150543;2021;528;533;1061
150543;2022;591;617;1208
150543;2023;584;618;1202
150543;2024;661;699;1360
150548;2020;5541;5702;11243
150548;2021;10282;10368;20650
150548;2022;9341;9383;18724
150548;2023;2423;2436;4859
150548;2024;1410;1416;2826
150549;2020;8;8;16
150549;2021;16;16;32
150549;2023;4;5;9
150549;2024;4;4;8
150550;2020;254;250;504
150550;2021;137;138;275
150550;2022;92;97;189
150550;2023;173;174;347
150550;2024;104;104;208
150553;2020;801;832;1633
150553;2021;2466;2492;4958
150553;2022;703;756;1459
150553;2023;350;395;745
150553;2024;163;193;356
150555;2021;20;20;40
150555;2022;14;14;28
150555;2023;202;204;406
150555;2024;14;14;28
150563;2020;2;2;4
150565;2020;150;153;303
150565;2021;125;135;260
150565;2022;122;128;250
150565;2023;126;133;259
150565;2024;143;158;301
150570;2020;513;530;1043
150570;2021;295;296;591
150570;2022;515;527;1042
150570;2023;511;516;1027
150570;2024;558;562;1120
150580;2020;29428;29515;58943
150580;2021;12353;12415;24768
150580;2022;6943;6941;13884
150580;2023;10901;10931;21832
150580;2024;15965;15972;31937
150590;2020;199;199;398
150590;2021;100;100;200
150590;2022;86;85;171
150590;2023;162;165;327
150590;2024;388;390;778
150600;2020;1416;1451;2867
150600;2021;1467;1556;3023
150600;2022;803;812;1615
150600;2023;2140;2180;4320
150600;2024;963;968;1931
150610;2020;49;50;99
150610;2021;14;14;28
150610;2022;2;2;4
150610;2023;4;4;8
150610;2024;24;24;48
150613;2020;6523;6526;13049
150613;2021;6924;6969;13893
150613;2022;8118;8150;16268
150613;2023;3947;3992;7939
150613;2024;201;222;423
150616;2020;184;184;368
150616;2021;7;8;15
150616;2022;8;10;18
150616;2023;8;8;16
150616;2024;7;8;15
150618;2021;7;7;14
150618;2022;13;15;28
150618;2023;9;9;18
150618;2024;1;2;3
150619;2020;211;248;459
150619;2021;446;503;949
150619;2022;271;343;614
150619;2023;474;555;1029
150619;2024;318;376;694
150620;2020;113;114;227
150620;2021;75;76;151
150620;2022;67;68;135
150620;2023;75;76;151
150620;2024;45;47;92
150630;2020;8;8;16
150630;2021;8;8;16
150630;2022;2;2;4
150630;2023;7;10;17
150635;2020;8;7;15
150635;2021;8;8;16
150635;2022;10;10;20
150635;2023;2;2;4
150635;2024;2;2;4
150640;2020;171;171;342
150640;2021;160;160;320
150640;2022;158;158;316
150640;2023;126;126;252
150640;2024;58;58;116
150650;2020;18;18;36
150650;2021;10;10;20
150650;2022;10;10;20
150650;2023;40;44;84
150650;2024;18;18;36
150658;2020;36;36;72
150660;2020;1;1;2
150660;2022;4;4;8
150660;2024;4;4;8
150670;2020;51;52;103
150670;2021;256;256;512
150670;2022;444;443;887
150670;2023;369;371;740
150670;2024;35;36;71
150680;2020;1610;1725;3335
150680;2021;2145;2451;4596
150680;2022;2144;2457;4601
150680;2023;2113;2433;4546
150680;2024;1774;1983;3757
150690;2020;12;12;24
150700;2020;18;18;36
150700;2021;2;2;4
150700;2022;6;6;12
150710;2020;110;110;220
150710;2021;168;167;335
150710;2022;242;242;484
150710;2023;215;214;429
150710;2024;110;110;220
150715;2020;45;48;93
150715;2021;45;52;97
150715;2022;39;48;87
150715;2023;54;66;120
150715;2024;23;26;49
150720;2020;536;536;1072
150720;2021;598;598;1196
150720;2022;343;344;687
150720;2023;534;534;1068
150720;2024;352;352;704
150730;2020;81;81;162
150730;2021;110;112;222
150730;2022;515;518;1033
150730;2023;616;625;1241
150730;2024;2089;2094;4183
150740;2020;22;22;44
150740;2021;14;13;27
150740;2022;4;4;8
150740;2023;2;2;4
150740;2024;2;2;4
150745;2020;16;16;32
150745;2021;9;10;19
150745;2022;8;10;18
150745;2023;12;13;25
150745;2024;18;23;41
150746;2020;242;242;484
150746;2021;70;74;144
150746;2022;50;50;100
150746;2023;62;62;124
150746;2024;54;54;108
150747;2023;2;2;4
150750;2020;586;586;1172
150750;2021;1168;1165;2333
150750;2022;1261;1259;2520
150750;2023;796;799;1595
150750;2024;1053;1051;2104
150760;2020;10;10;20
150760;2021;9;10;19
150760;2022;20;20;40
150760;2023;5;6;11
150760;2024;1;2;3
150770;2020;686;693;1379
150770;2021;431;440;871
150770;2022;643;645;1288
150770;2023;1013;1018;2031
150770;2024;1930;1932;3862
150775;2020;858;858;1716
150775;2021;1914;1914;3828
150775;2022;106;106;212
150780;2020;4133;4238;8371
150780;2021;2627;2651;5278
150780;2022;3590;3603;7193
150780;2023;2388;2406;4794
150780;2024;404;404;808
150790;2022;4;4;8
150790;2024;6;6;12
150795;2020;254;260;514
150795;2021;199;201;400
150795;2022;242;250;492
150795;2023;192;195;387
150795;2024;1447;1458;2905
150796;2020;167;168;335
150796;2021;176;176;352
150796;2022;170;170;340
150796;2023;157;157;314
150796;2024;121;122;243
150797;2020;32;38;70
150797;2022;11;12;23
150797;2023;3;4;7
150800;2020;74;77;151
150800;2021;52;53;105
150800;2022;18;20;38
150800;2023;6;6;12
150800;2024;14;14;28
150803;2020;24;24;48
150803;2021;16;16;32
150803;2022;7;8;15
150803;2023;4;4;8
150803;2024;4;4;8
150805;2020;354;380;734
150805;2021;329;371;700
150805;2022;1511;1685;3196
150805;2023;1372;1505;2877
150805;2024;1074;1168;2242
150808;2020;107;104;211
150808;2021;93;100;193
150808;2022;146;166;312
150808;2023;175;186;361
150808;2024;660;690;1350
150810;2020;988;1035;2023
150810;2021;5581;5606;11187
150810;2022;6423;6424;12847
150810;2023;3025;3032;6057
150810;2024;467;474;941
150812;2020;23;24;47
150812;2021;25;26;51
150812;2022;51;56;107
150812;2023;40;46;86
150812;2024;27;28;55
150815;2020;287;291;578
150815;2021;734;775;1509
150815;2022;1163;1180;2343
150815;2023;1223;1247;2470
150815;2024;1628;1648;3276
150820;2020;218;218;436
150820;2021;193;196;389
150820;2022;172;171;343
150820;2023;160;160;320
150820;2024;163;164;327
150830;2020;642;642;1284
150830;2021;344;345;689
150830;2022;375;376;751
150830;2023;385;388;773
150830;2024;64;64;128
150835;2020;2111;2109;4220
150835;2021;1607;1608;3215
150835;2022;1344;1354;2698
150835;2023;2145;2148;4293
150835;2024;1455;1464;2919
150840;2021;4;4;8
150840;2022;3;4;7
150840;2023;6;6;12
150840;2024;6;6;12
160005;2020;2229;2315;4544
160005;2021;2481;2546;5027
160005;2022;1597;1631;3228
160005;2023;880;892;1772
160005;2024;954;955;1909
160010;2020;63;64;127
160010;2021;27;28;55
160010;2022;6;6;12
160010;2023;72;74;146
160010;2024;18;20;38
160015;2020;7518;7776;15294
160015;2021;9398;9653;19051
160015;2022;7594;7816;15410
160015;2023;11886;12379;24265
160015;2024;9899;10201;20100
160020;2020;6262;6437;12699
160020;2021;8013;8326;16339
160020;2022;9460;10101;19561
160020;2023;30816;34575;65391
160020;2024;26311;28952;55263
160021;2020;169;170;339
160021;2021;316;321;637
160021;2022;453;453;906
160021;2023;603;606;1209
160021;2024;420;427;847
160023;2020;607;622;1229
160023;2021;545;550;1095
160023;2022;314;315;629
160023;2023;376;385;761
160023;2024;410;413;823
160025;2020;4;4;8
160025;2021;23;23;46
160025;2022;90;89;179
160025;2023;32;32;64
160025;2024;156;156;312
160027;2020;1387;1431;2818
160027;2021;2686;2731;5417
160027;2022;1540;1581;3121
160027;2023;872;881;1753
160027;2024;1080;1083;2163
160030;2020;12193;12511;24704
160030;2021;11255;11444;22699
160030;2022;11619;11799;23418
160030;2023;12956;13346;26302
160030;2024;13905;14557;28462
160040;2020;4972;5033;10005
160040;2021;5383;5431;10814
160040;2022;5200;5236;10436
160040;2023;6153;6182;12335
160040;2024;3992;4060;8052
160050;2020;10665;10941;21606
160050;2021;9535;9513;19048
160050;2022;5898;5963;11861
160050;2023;10537;10804;21341
160050;2024;11686;11900;23586
160053;2020;6891;7086;13977
160053;2021;9376;9533;18909
160053;2022;6876;6968;13844
160053;2023;4211;4335;8546
160053;2024;4714;4795;9509
160055;2020;121;128;249
160055;2021;206;206;412
160055;2022;135;134;269
160055;2023;266;269;535
160055;2024;219;218;437
160060;2020;5969;6166;12135
160060;2021;4465;4538;9003
160060;2022;3135;3193;6328
160060;2023;6015;6150;12165
160060;2024;7603;7720;15323
160070;2020;6605;6689;13294
160070;2021;6131;6186;12317
160070;2022;3768;3876;7644
160070;2023;4062;4198;8260
160070;2024;3923;4088;8011
160080;2020;146;154;300
160080;2021;140;159;299
160080;2022;142;153;295
160080;2023;105;106;211
160080;2024;83;80;163
170025;2021;4;4;8
170040;2023;38;44;82
170100;2020;2;2;4
170100;2022;10;14;24
170100;2023;2;2;4
170100;2024;4;4;8
170210;2020;526;550;1076
170210;2021;3408;3439;6847
170210;2022;689;703;1392
170210;2023;284;344;628
170210;2024;166;179;345
170220;2020;265;274;539
170220;2021;238;265;503
170220;2022;126;128;254
170220;2023;251;284;535
170220;2024;196;199;395
170255;2020;5;6;11
170255;2021;2;2;4
170255;2022;1;2;3
170255;2023;6;6;12
170255;2024;22;22;44
170290;2022;2;4;6
170300;2020;5;6;11
170380;2020;2;2;4
170380;2023;2;2;4
170380;2024;5;6;11
170389;2020;2;2;4
170389;2024;13;24;37
170390;2022;36;36;72
170390;2024;14;14;28
170550;2022;2;2;4
170550;2024;2;2;4
170560;2023;12;12;24
170600;2023;2;2;4
170610;2020;2;2;4
170650;2024;2;2;4
170700;2020;4;6;10
170700;2021;3178;3178;6356
170700;2022;4886;4886;9772
170700;2023;26;26;52
170740;2020;4;4;8
170740;2021;12;11;23
170740;2022;2;2;4
170740;2023;3;4;7
170740;2024;5;10;15
170820;2020;2;2;4
170950;2021;1191;1188;2379
170950;2022;1913;1913;3826
170950;2023;221;222;443
170950;2024;46;46;92
171070;2021;2;2;4
171320;2020;136;136;272
171320;2021;304;304;608
171320;2024;2;2;4
171330;2020;46;46;92
171330;2021;570;572;1142
171330;2022;180;176;356
171380;2021;2;2;4
171380;2024;10;10;20
171420;2023;5;5;10
171610;2020;893;892;1785
171610;2021;480;480;960
171610;2022;9;12;21
171610;2023;9;10;19
171610;2024;7;12;19
171630;2023;31;47;78
171630;2024;7;8;15
171650;2020;1099;1098;2197
171650;2021;1268;1270;2538
171665;2020;9;18;27
171665;2023;4;4;8
171670;2020;2752;2749;5501
171670;2021;1727;1728;3455
171820;2020;8;8;16
171820;2021;3;4;7
171820;2022;6;8;14
171820;2023;87;105;192
171820;2024;4;6;10
171830;2022;2;2;4
171830;2024;2;2;4
171845;2021;2;2;4
171845;2022;2;2;4
171855;2023;1;2;3
171875;2020;2;2;4
171888;2023;2;2;4
172000;2024;8;8;16
172030;2022;2;2;4
172080;2022;4;5;9
172080;2023;1;2;3
172100;2020;80;94;174
172100;2021;355;359;714
172100;2022;1420;1454;2874
172100;2023;243;316;559
172100;2024;102;130;232
172110;2024;3;4;7
172120;2020;6;6;12
172120;2023;4;4;8
172210;2020;4;4;8
172210;2021;4;4;8
172210;2022;2;2;4
172210;2023;2;2;4
172210;2024;2;2;4
210005;2020;64;73;137
210005;2021;39;41;80
210005;2022;57;74;131
210005;2023;68;75;143
210005;2024;21;21;42
210020;2021;28;28;56
210020;2022;14;14;28
210020;2023;6;6;12
210020;2024;2;2;4
210030;2020;6;6;12
210030;2022;3;4;7
210030;2023;15;16;31
210030;2024;8;8;16
210040;2022;3;3;6
210040;2023;7;8;15
210043;2020;36;36;72
210047;2020;170;172;342
210047;2021;217;219;436
210047;2022;253;264;517
210047;2023;120;123;243
210047;2024;23;24;47
210050;2021;152;151;303
210050;2022;252;254;506
210050;2023;120;120;240
210050;2024;240;240;480
210055;2020;235;235;470
210055;2021;1223;1254;2477
210055;2022;950;951;1901
210055;2023;957;956;1913
210055;2024;992;991;1983
210060;2020;43;46;89
210060;2021;198;217;415
210060;2022;128;162;290
210060;2023;81;106;187
210060;2024;49;58;107
210070;2020;30;30;60
210070;2022;18;18;36
210070;2023;4;4;8
210070;2024;9;10;19
210080;2022;6;6;12
210083;2020;26;26;52
210083;2021;86;86;172
210083;2022;23;24;47
210083;2023;32;32;64
210083;2024;24;26;50
210087;2020;60;60;120
210087;2021;215;220;435
210087;2022;99;104;203
210087;2023;25;27;52
210087;2024;32;32;64
210090;2020;1;2;3
210090;2021;2;2;4
210090;2022;2;2;4
210095;2020;10;10;20
210095;2021;48;57;105
210095;2022;167;185;352
210095;2023;148;150;298
210095;2024;271;280;551
210100;2020;159;159;318
210100;2021;189;190;379
210100;2022;209;212;421
210100;2023;140;136;276
210100;2024;90;90;180
210110;2020;2;2;4
210110;2021;16;16;32
210110;2022;2;2;4
210120;2020;1681;1681;3362
210120;2021;1983;2010;3993
210120;2022;2000;2001;4001
210120;2023;2059;2060;4119
210120;2024;1889;1892;3781
210125;2021;2;2;4
210130;2020;487;488;975
210130;2021;389;388;777
210130;2022;598;598;1196
210130;2023;624;624;1248
210130;2024;402;402;804
210140;2020;1049;1054;2103
210140;2021;883;887;1770
210140;2022;983;982;1965
210140;2023;957;953;1910
210140;2024;1034;1027;2061
210150;2023;1;2;3
210150;2024;2;2;4
210160;2020;77;78;155
210160;2021;155;184;339
210160;2022;141;172;313
210160;2023;152;184;336
210160;2024;196;201;397
210170;2020;14;14;28
210170;2021;24;24;48
210170;2022;5;6;11
210170;2023;8;8;16
210170;2024;2;2;4
210177;2020;411;411;822
210177;2021;632;630;1262
210177;2022;448;448;896
210177;2023;718;720;1438
210177;2024;506;506;1012
210190;2021;9;10;19
210190;2023;2;2;4
210193;2020;2;2;4
210193;2021;2;2;4
210193;2022;2;2;4
210193;2023;2;2;4
210197;2020;233;232;465
210197;2021;70;70;140
210197;2022;72;72;144
210197;2023;58;58;116
210197;2024;72;72;144
210200;2020;1630;1642;3272
210200;2021;1122;1136;2258
210200;2022;932;957;1889
210200;2023;942;969;1911
210200;2024;724;729;1453
210203;2020;86;98;184
210203;2021;30;34;64
210203;2022;36;38;74
210203;2023;37;43;80
210203;2024;6;6;12
210207;2020;3;4;7
210207;2021;26;26;52
210207;2022;75;75;150
210207;2023;33;34;67
210207;2024;102;102;204
210210;2021;2;2;4
210210;2022;2;2;4
210215;2021;39;43;82
210215;2022;44;46;90
210215;2023;46;54;100
210215;2024;15;20;35
210220;2020;22;32;54
210220;2022;4;4;8
210220;2023;14;14;28
210220;2024;2;2;4
210230;2023;2;2;4
210232;2020;89;88;177
210232;2021;169;185;354
210232;2022;185;210;395
210232;2023;190;206;396
210232;2024;94;95;189
210237;2020;60;59;119
210237;2021;11;11;22
210240;2024;2;2;4
210250;2020;42;42;84
210250;2021;62;62;124
210250;2022;82;82;164
210250;2023;24;24;48
210250;2024;4;3;7
210255;2020;2;2;4
210255;2021;4;4;8
210255;2022;2;2;4
210260;2020;614;616;1230
210260;2021;683;700;1383
210260;2022;834;838;1672
210260;2023;738;740;1478
210260;2024;200;198;398
210270;2021;8;8;16
210270;2022;15;15;30
210270;2023;10;10;20
210270;2024;4;4;8
210275;2020;22;22;44
210275;2021;14;20;34
210275;2022;15;16;31
210275;2023;30;30;60
210275;2024;26;26;52
210280;2020;76;76;152
210280;2021;562;562;1124
210280;2022;528;528;1056
210280;2023;470;470;940
210280;2024;316;316;632
210290;2020;58;58;116
210290;2021;67;66;133
210290;2022;50;50;100
210290;2023;56;56;112
210290;2024;44;43;87
210300;2020;1901;1917;3818
210300;2021;1665;1698;3363
210300;2022;1634;1673;3307
210300;2023;1293;1314;2607
210300;2024;1617;1622;3239
210310;2020;52;52;104
210310;2021;14;14;28
210310;2022;20;20;40
210310;2023;4;4;8
210312;2020;8;8;16
210315;2020;45;50;95
210315;2021;58;58;116
210315;2022;548;569;1117
210315;2023;69;86;155
210315;2024;8;10;18
210317;2020;402;410;812
210317;2021;456;458;914
210317;2022;412;413;825
210317;2023;257;258;515
210317;2024;431;448;879
210320;2020;55;57;112
210320;2021;18;29;47
210320;2022;30;31;61
210320;2023;16;20;36
210320;2024;7;14;21
210325;2020;4;4;8
210325;2021;6;6;12
210325;2022;6;6;12
210325;2023;6;8;14
210330;2020;48;56;104
210330;2021;13;14;27
210330;2022;85;89;174
210330;2023;47;47;94
210330;2024;34;37;71
210340;2020;57;57;114
210340;2021;50;50;100
210340;2022;45;46;91
210340;2023;67;68;135
210340;2024;64;66;130
210350;2020;38;38;76
210350;2021;33;33;66
210350;2022;24;25;49
210350;2023;22;24;46
210350;2024;16;16;32
210355;2020;74;74;148
210355;2021;9;9;18
210355;2022;31;34;65
210355;2024;12;12;24
210360;2020;46;46;92
210360;2022;2;2;4
210370;2020;16;16;32
210370;2022;16;16;32
210370;2023;12;12;24
210370;2024;14;14;28
210375;2020;9;9;18
210375;2021;10;12;22
210375;2022;21;22;43
210375;2023;25;26;51
210375;2024;6;6;12
210380;2020;10;9;19
210380;2021;95;95;190
210380;2022;127;128;255
210380;2023;104;105;209
210380;2024;145;149;294
210390;2020;81;81;162
210390;2021;84;84;168
210390;2022;36;42;78
210390;2023;6;6;12
210400;2020;64;68;132
210400;2021;51;63;114
210400;2022;42;43;85
210400;2023;59;63;122
210400;2024;27;28;55
210405;2020;8;8;16
210405;2021;27;27;54
210405;2022;27;27;54
210405;2023;11;11;22
210405;2024;14;14;28
210407;2020;118;118;236
210407;2021;122;122;244
210407;2022;126;126;252
210407;2023;132;132;264
210407;2024;130;130;260
210408;2020;8;8;16
210408;2024;144;144;288
210409;2020;407;407;814
210409;2021;414;413;827
210409;2022;295;295;590
210409;2023;306;310;616
210409;2024;340;337;677
210410;2020;247;247;494
210410;2021;34;34;68
210410;2022;381;381;762
210410;2023;288;288;576
210410;2024;287;287;574
210420;2020;2;1;3
210420;2021;129;130;259
210420;2022;70;70;140
210420;2023;96;98;194
210420;2024;26;26;52
210430;2020;2330;2330;4660
210430;2021;897;898;1795
210430;2022;2007;2009;4016
210430;2023;1667;1668;3335
210430;2024;1516;1516;3032
210440;2020;52;52;104
210440;2021;35;38;73
210440;2022;16;17;33
210440;2023;25;27;52
210440;2024;10;11;21
210450;2021;4;4;8
210450;2024;4;3;7
210455;2020;12;12;24
210455;2022;10;12;22
210455;2023;5;7;12
210455;2024;3;4;7
210460;2020;92;92;184
210460;2021;58;58;116
210460;2022;46;48;94
210460;2023;4;4;8
210460;2024;2;2;4
210462;2020;2;2;4
210462;2021;6;6;12
210462;2022;1;2;3
210462;2023;41;46;87
210462;2024;8;8;16
210465;2020;337;334;671
210465;2021;374;378;752
210465;2022;266;264;530
210465;2023;281;285;566
210465;2024;122;122;244
210467;2020;1676;1678;3354
210467;2021;728;730;1458
210467;2022;810;826;1636
210467;2023;333;340;673
210467;2024;235;241;476
210480;2020;237;248;485
210480;2021;189;214;403
210480;2022;268;277;545
210480;2023;133;152;285
210480;2024;167;180;347
210490;2020;12;12;24
210490;2021;42;42;84
210490;2022;178;178;356
210490;2023;98;98;196
210490;2024;44;44;88
210500;2022;4;4;8
210500;2023;12;12;24
210500;2024;22;19;41
210510;2020;184;184;368
210510;2021;393;393;786
210510;2022;190;190;380
210510;2023;66;66;132
210515;2020;604;604;1208
210515;2021;1038;1038;2076
210515;2022;1604;1604;3208
210515;2023;1182;1182;2364
210515;2024;1080;1080;2160
210520;2020;4;4;8
210520;2021;4;4;8
210530;2020;149;154;303
210530;2021;405;417;822
210530;2022;191;206;397
210530;2023;323;339;662
210530;2024;73;77;150
210535;2020;101;114;215
210535;2021;8;8;16
210535;2022;18;18;36
210535;2023;6;6;12
210535;2024;2;2;4
210540;2020;2;2;4
210540;2021;6;6;12
210540;2022;9;10;19
210540;2024;5;7;12
210542;2020;10;12;22
210542;2021;3;3;6
210542;2022;31;30;61
210542;2023;12;14;26
210542;2024;6;6;12
210545;2020;2;1;3
210545;2021;2;1;3
210545;2023;6;6;12
210547;2021;9;9;18
210547;2022;3;3;6
210547;2023;1;1;2
210547;2024;18;18;36
210550;2021;2;2;4
210550;2022;10;14;24
210550;2023;2;4;6
210560;2020;43;52;95
210560;2021;237;260;497
210560;2022;175;180;355
210560;2023;140;147;287
210560;2024;119;129;248
210565;2020;230;230;460
210565;2021;214;214;428
210565;2022;144;144;288
210565;2023;120;120;240
210565;2024;237;237;474
210570;2020;299;373;672
210570;2021;370;446;816
210570;2022;516;632;1148
210570;2023;518;672;1190
210570;2024;312;379;691
210580;2021;10;9;19
210580;2022;2;4;6
210580;2023;9;10;19
210580;2024;6;6;12
210590;2020;9;12;21
210590;2021;17;18;35
210590;2022;6;7;13
210590;2023;23;21;44
210590;2024;15;16;31
210592;2020;2;2;4
210594;2023;2;2;4
210596;2020;4;4;8
210596;2022;2;2;4
210596;2023;27;30;57
210596;2024;26;37;63
210598;2024;1;1;2
210610;2020;20;20;40
210610;2021;237;238;475
210610;2022;239;239;478
210610;2023;242;240;482
210610;2024;241;240;481
210620;2020;730;730;1460
210620;2021;892;892;1784
210620;2022;904;903;1807
210620;2023;1050;1050;2100
210620;2024;1056;1055;2111
210632;2020;216;218;434
210632;2021;326;328;654
210632;2022;262;265;527
210632;2023;277;290;567
210632;2024;196;206;402
210635;2020;33;39;72
210635;2021;39;47;86
210635;2022;45;49;94
210635;2023;63;72;135
210635;2024;13;22;35
210637;2020;119;119;238
210637;2021;51;60;111
210637;2022;62;64;126
210637;2023;35;34;69
210637;2024;59;61;120
210650;2021;24;36;60
210650;2022;13;14;27
210650;2023;43;44;87
210663;2020;18;18;36
210663;2021;42;42;84
210663;2022;80;80;160
210663;2023;82;83;165
210663;2024;74;76;150
210675;2020;134;134;268
210675;2021;60;60;120
210675;2022;28;28;56
210675;2023;4;4;8
210680;2020;4;3;7
210680;2022;8;8;16
210680;2023;18;20;38
210680;2024;12;11;23
210690;2020;494;491;985
210690;2021;1015;1027;2042
210690;2022;411;414;825
210690;2023;580;580;1160
210690;2024;321;322;643
210700;2020;2;2;4
210700;2021;2;3;5
210700;2023;2;2;4
210700;2024;84;84;168
210710;2021;22;22;44
210710;2022;27;28;55
210710;2023;18;18;36
210710;2024;10;10;20
210720;2024;3;3;6
210725;2020;149;152;301
210725;2021;125;125;250
210725;2022;120;120;240
210725;2023;110;110;220
210725;2024;79;79;158
210735;2020;1369;1370;2739
210735;2021;1325;1326;2651
210735;2022;1456;1459;2915
210735;2023;2207;2205;4412
210735;2024;2202;2204;4406
210740;2020;12;16;28
210740;2021;38;38;76
210740;2022;12;12;24
210740;2023;9;9;18
210745;2020;10;12;22
210745;2021;23;27;50
210745;2022;13;16;29
210745;2023;18;18;36
210745;2024;9;11;20
210750;2020;2;2;4
210750;2021;4;4;8
210750;2022;10;10;20
210750;2023;7;8;15
210750;2024;2;2;4
210760;2020;2;2;4
210760;2021;16;19;35
210760;2023;3;4;7
210760;2024;2;2;4
210770;2020;46;46;92
210770;2021;52;52;104
210770;2022;18;18;36
210770;2023;16;16;32
210770;2024;20;20;40
210780;2021;9;10;19
210780;2022;2;2;4
210790;2022;2;2;4
210790;2023;1;2;3
210800;2022;2;2;4
210810;2020;63;67;130
210810;2021;43;50;93
210810;2022;183;213;396
210810;2023;159;187;346
210810;2024;74;85;159
210820;2020;60;82;142
210820;2021;80;103;183
210820;2022;76;88;164
210820;2023;52;68;120
210820;2024;19;25;44
210825;2020;208;215;423
210825;2021;174;189;363
210825;2022;299;345;644
210825;2023;250;307;557
210825;2024;192;197;389
210830;2020;196;198;394
210830;2021;247;248;495
210830;2022;240;242;482
210830;2023;183;186;369
210830;2024;66;66;132
210840;2021;16;16;32
210840;2023;2;2;4
210840;2024;4;4;8
210850;2020;193;194;387
210850;2021;612;613;1225
210850;2022;330;331;661
210850;2023;148;156;304
210850;2024;66;66;132
210860;2020;390;420;810
210860;2021;355;381;736
210860;2022;453;498;951
210860;2023;306;353;659
210860;2024;164;169;333
210870;2020;30;30;60
210870;2021;377;377;754
210870;2022;101;102;203
210870;2023;41;42;83
210870;2024;12;12;24
210880;2020;82;82;164
210880;2021;28;28;56
210880;2022;32;32;64
210880;2023;36;36;72
210890;2021;19;18;37
210890;2022;12;12;24
210890;2023;8;10;18
210890;2024;4;4;8
210900;2021;60;60;120
210900;2022;2;2;4
210900;2023;8;10;18
210905;2020;89;89;178
210905;2021;273;273;546
210905;2022;275;275;550
210905;2023;269;270;539
210905;2024;64;64;128
210910;2020;31;31;62
210910;2021;47;50;97
210910;2022;86;88;174
210910;2023;41;44;85
210910;2024;18;19;37
210920;2020;2;2;4
210920;2021;108;108;216
210920;2022;102;102;204
210920;2023;104;104;208
210920;2024;93;93;186
210923;2020;110;110;220
210923;2021;83;85;168
210923;2022;130;142;272
210923;2023;130;151;281
210923;2024;65;72;137
210927;2020;246;248;494
210927;2021;304;305;609
210927;2022;144;140;284
210927;2023;185;186;371
210927;2024;86;93;179
210930;2020;42;42;84
210930;2021;49;50;99
210930;2022;27;28;55
210930;2023;4;4;8
210945;2020;68;68;136
210945;2021;16;16;32
210945;2022;20;20;40
210945;2023;28;28;56
210945;2024;12;12;24
210950;2020;403;404;807
210950;2021;308;309;617
210950;2022;293;298;591
210950;2023;306;306;612
210950;2024;174;174;348
210955;2020;2;2;4
210955;2021;163;165;328
210955;2022;123;123;246
210955;2023;6;6;12
210960;2020;116;116;232
210960;2021;117;117;234
210960;2022;36;36;72
210960;2023;123;124;247
210960;2024;36;36;72
210975;2020;5;8;13
210975;2021;22;25;47
210975;2022;24;28;52
210975;2023;11;12;23
210975;2024;6;8;14
210980;2020;150;159;309
210980;2021;112;126;238
210980;2022;121;147;268
210980;2023;426;494;920
210980;2024;1128;1125;2253
210990;2020;166;166;332
210990;2021;238;238;476
210990;2022;199;205;404
210990;2023;229;240;469
210990;2024;62;62;124
211000;2020;1067;1079;2146
211000;2021;1779;1796;3575
211000;2022;1656;1700;3356
211000;2023;1630;1642;3272
211000;2024;1233;1237;2470
211003;2020;759;765;1524
211003;2021;1443;1442;2885
211003;2022;1400;1400;2800
211003;2023;992;993;1985
211003;2024;963;965;1928
211010;2020;52;64;116
211010;2021;49;56;105
211010;2022;92;110;202
211010;2023;92;127;219
211010;2024;63;83;146
211020;2020;114;114;228
211020;2021;34;34;68
211020;2022;20;22;42
211020;2023;2;2;4
211020;2024;4;4;8
211023;2020;1;2;3
211023;2021;10;10;20
211023;2022;6;8;14
211023;2023;53;67;120
211023;2024;18;24;42
211030;2020;186;186;372
211030;2021;204;205;409
211030;2022;366;373;739
211030;2023;242;268;510
211030;2024;263;259;522
211050;2021;16;17;33
211050;2022;27;33;60
211050;2023;36;39;75
211050;2024;17;19;36
211060;2020;4;6;10
211060;2021;6;10;16
211060;2022;5;6;11
211060;2023;4;6;10
211060;2024;4;6;10
211070;2020;14;16;30
211070;2021;17;18;35
211070;2022;49;51;100
211070;2023;12;15;27
211080;2020;148;148;296
211080;2021;113;113;226
211080;2022;46;46;92
211080;2023;131;132;263
211080;2024;144;144;288
211085;2020;13;14;27
211085;2021;10;12;22
211085;2022;5;8;13
211085;2023;2;2;4
211085;2024;5;8;13
211090;2021;6;6;12
211100;2020;48;48;96
211100;2023;37;38;75
211102;2020;925;926;1851
211102;2021;1354;1353;2707
211102;2022;1242;1244;2486
211102;2023;1577;1578;3155
211102;2024;1617;1622;3239
211107;2020;132;132;264
211107;2021;27;27;54
211107;2022;57;57;114
211107;2023;14;14;28
211110;2020;14;14;28
211110;2022;9;8;17
211120;2020;70;70;140
211120;2021;23;22;45
211120;2022;33;33;66
211120;2023;20;20;40
211120;2024;58;58;116
211125;2021;4;3;7
211125;2022;6;5;11
211125;2023;12;12;24
211125;2024;4;4;8
211130;2020;830;829;1659
211130;2021;331;357;688
211130;2022;305;330;635
211130;2023;389;415;804
211130;2024;249;262;511
211140;2020;38;41;79
211140;2021;26;27;53
211140;2022;15;18;33
211140;2023;9;9;18
211150;2021;12;12;24
211150;2022;26;26;52
211150;2023;14;14;28
211150;2024;16;16;32
211153;2020;10;9;19
211157;2020;58;58;116
211157;2021;156;156;312
211157;2022;100;100;200
211157;2023;91;91;182
211157;2024;98;98;196
211160;2020;205;206;411
211160;2021;232;232;464
211160;2022;6;5;11
211160;2023;148;148;296
211160;2024;54;54;108
211163;2020;4;6;10
211163;2021;4;4;8
211163;2022;9;9;18
211163;2023;12;12;24
211167;2020;44;48;92
211167;2021;52;52;104
211167;2022;55;53;108
211167;2023;42;41;83
211167;2024;30;32;62
211170;2020;16;16;32
211170;2021;37;37;74
211170;2022;27;33;60
211170;2023;14;14;28
211170;2024;4;7;11
211172;2021;92;92;184
211172;2022;225;234;459
211172;2023;199;200;399
211172;2024;467;466;933
211176;2020;40;42;82
211176;2021;27;28;55
211176;2022;25;26;51
211176;2023;40;40;80
211176;2024;32;32;64
211180;2020;2;2;4
211180;2021;3;5;8
211180;2022;16;21;37
211180;2023;2;2;4
211180;2024;2;2;4
211200;2020;68;64;132
211200;2021;140;140;280
211200;2022;192;192;384
211200;2023;55;54;109
211200;2024;58;58;116
211210;2020;5;6;11
211210;2024;2;2;4
211220;2020;1;1;2
211220;2021;837;838;1675
211220;2022;624;624;1248
211220;2023;498;497;995
211220;2024;280;280;560
211223;2020;8;8;16
211223;2021;4;4;8
211223;2022;4;6;10
211223;2023;5;5;10
211223;2024;1;2;3
211227;2020;28;28;56
211227;2021;2;2;4
211227;2022;2;2;4
211227;2024;2;2;4
211230;2020;23;24;47
211230;2021;47;58;105
211230;2022;58;72;130
211230;2023;22;28;50
211230;2024;16;21;37
211240;2021;7;9;16
211240;2022;2;2;4
211240;2023;14;14;28
211240;2024;8;10;18
211245;2020;584;591;1175
211245;2021;113;115;228
211245;2022;132;136;268
211245;2023;242;272;514
211245;2024;225;255;480
211250;2022;5;5;10
211250;2023;2;2;4
211250;2024;2;2;4
211260;2022;14;14;28
211270;2020;35;37;72
211270;2021;35;37;72
211270;2022;39;39;78
211270;2023;22;22;44
211270;2024;8;8;16
211280;2020;87;88;175
211280;2021;126;147;273
211280;2022;227;230;457
211280;2023;215;223;438
211280;2024;149;145;294
211290;2021;60;62;122
211290;2022;15;16;31
211290;2023;7;8;15
211300;2020;47;51;98
211300;2021;94;101;195
211300;2022;115;128;243
211300;2023;97;108;205
211300;2024;66;70;136
211400;2020;1223;1230;2453
211400;2021;984;993;1977
211400;2022;683;692;1375
211400;2023;471;496;967
211400;2024;330;340;670
510020;2022;10;10;20
510020;2023;12;12;24
510020;2024;2;2;4
510025;2020;1209;1234;2443
510025;2021;506;524;1030
510025;2022;334;342;676
510025;2023;423;434;857
510025;2024;360;378;738
510080;2020;128;140;268
510080;2021;436;449;885
510080;2022;166;173;339
510080;2023;210;215;425
510080;2024;21;25;46
510125;2021;4;4;8
510140;2020;8679;9311;17990
510140;2021;11604;12165;23769
510140;2022;8461;8551;17012
510140;2023;10288;10314;20602
510140;2024;12337;12406;24743
510170;2020;2;2;4
510170;2021;4;4;8
510170;2022;8;14;22
510170;2023;2;2;4
510180;2021;2;2;4
510180;2023;5;6;11
510190;2021;8;8;16
510190;2022;2;4;6
510190;2024;2;2;4
510250;2020;10;12;22
510250;2021;13;18;31
510250;2022;7;8;15
510250;2023;9;10;19
510263;2020;8;10;18
510263;2021;7;8;15
510263;2022;208;208;416
510263;2023;323;324;647
510263;2024;1;2;3
510267;2021;6;6;12
510267;2022;5;6;11
510267;2023;6;8;14
510267;2024;2;2;4
510268;2020;4;4;8
510268;2021;20;26;46
510268;2022;6;6;12
510268;2023;52;53;105
510268;2024;44;44;88
510270;2024;6;6;12
510279;2023;4;4;8
510279;2024;2;2;4
510285;2020;2;1;3
510305;2020;155;156;311
510305;2021;259;259;518
510305;2022;290;290;580
510305;2023;276;276;552
510305;2024;254;254;508
510320;2020;199;217;416
510320;2021;27;28;55
510320;2022;17;18;35
510320;2023;70;74;144
510320;2024;27;27;54
510325;2020;11597;12004;23601
510325;2021;8205;8486;16691
510325;2022;7093;7296;14389
510325;2023;3373;3446;6819
510325;2024;3642;3675;7317
510330;2020;601;618;1219
510330;2021;312;428;740
510330;2022;8;10;18
510330;2023;58;58;116
510335;2020;4;4;8
510335;2021;2;2;4
510336;2020;10;10;20
510336;2021;141;154;295
510336;2022;26;26;52
510336;2023;77;81;158
510336;2024;121;135;256
510337;2020;1;2;3
510337;2021;2;2;4
510337;2022;2;2;4
510337;2024;2;2;4
510340;2020;101;112;213
510340;2021;195;236;431
510340;2022;104;114;218
510340;2023;110;121;231
510340;2024;87;87;174
510350;2022;2;2;4
510350;2024;2;2;4
510360;2021;1;2;3
510360;2024;256;256;512
510370;2023;3;4;7
510385;2023;1;2;3
510410;2020;54;57;111
510410;2021;114;122;236
510410;2022;117;121;238
510410;2023;392;397;789
510410;2024;156;164;320
510450;2022;2;2;4
510455;2022;10;12;22
510455;2023;126;126;252
510480;2022;2;2;4
510480;2023;10;10;20
510510;2020;1;1;2
510510;2021;153;158;311
510510;2022;84;84;168
510510;2023;76;76;152
510515;2020;731;795;1526
510515;2021;668;684;1352
510515;2022;613;621;1234
510515;2023;549;561;1110
510515;2024;985;1065;2050
510517;2020;12;12;24
510517;2021;26;25;51
510517;2022;13;16;29
510517;2023;16;16;32
510517;2024;10;10;20
510520;2023;218;218;436
510520;2024;3476;3476;6952
510525;2020;49;58;107
510525;2021;733;735;1468
510525;2022;788;790;1578
510525;2023;35;36;71
510525;2024;46;46;92
510530;2022;4;4;8
510550;2021;14;14;28
510550;2022;1;2;3
510550;2024;4;4;8
510558;2021;4;4;8
510558;2022;1;2;3
510560;2020;28;29;57
510560;2021;45;47;92
510560;2022;34;37;71
510560;2023;26;26;52
510560;2024;98;99;197
510562;2021;2;4;6
510562;2022;4;4;8
510600;2021;2;2;4
510615;2020;42;49;91
510615;2021;188;190;378
510615;2022;228;228;456
510615;2023;181;185;366
510615;2024;319;332;651
510618;2020;12;12;24
510618;2021;69;81;150
510618;2022;26;26;52
510618;2023;61;64;125
510618;2024;56;60;116
510619;2023;70;70;140
510619;2024;10;10;20
510621;2020;6;6;12
510621;2021;8;12;20
510621;2022;10;12;22
510621;2023;14;15;29
510621;2024;1;2;3
510622;2020;4;6;10
510622;2021;5;6;11
510622;2022;11;12;23
510622;2023;23;27;50
510622;2024;13;14;27
510623;2023;2;2;4
510624;2021;3;6;9
510624;2022;2;3;5
510624;2023;2;2;4
510624;2024;2;1;3
510625;2022;2;2;4
510626;2020;43;46;89
510626;2021;45;49;94
510626;2022;25;27;52
510626;2023;10;12;22
510626;2024;63;66;129
510627;2020;1;1;2
510629;2020;119;122;241
510629;2021;185;193;378
510629;2022;34;34;68
510629;2023;30;30;60
510629;2024;91;94;185
510630;2020;2;2;4
510630;2022;2;2;4
510630;2023;2;2;4
510637;2024;1;2;3
510642;2020;74;84;158
510642;2021;721;805;1526
510642;2022;969;988;1957
510642;2023;652;665;1317
510642;2024;182;189;371
510650;2023;4;4;8
510675;2020;2190;2523;4713
510675;2021;8054;9626;17680
510675;2022;3113;3481;6594
510675;2023;3961;4280;8241
510675;2024;3169;3370;6539
510704;2020;2;2;4
510704;2022;3996;3996;7992
510704;2023;1604;1605;3209
510704;2024;851;852;1703
510706;2020;1;2;3
510706;2023;1;2;3
510706;2024;436;436;872
510710;2023;2;2;4
510724;2022;3;4;7
510730;2021;3;4;7
510730;2022;399;400;799
510735;2021;14;14;28
510735;2022;54;58;112
510735;2023;46;46;92
510757;2020;22;22;44
510757;2021;10;9;19
510757;2022;10;10;20
510757;2023;50;54;104
510757;2024;9;10;19
510760;2020;15;16;31
510760;2021;4;4;8
510760;2022;195;197;392
510760;2023;1748;1755;3503
510760;2024;13421;13425;26846
510776;2021;1;2;3
510776;2023;1;2;3
510785;2020;6;8;14
510785;2023;35;36;71
510787;2020;3;4;7
510787;2021;1046;1047;2093
510787;2022;1927;1929;3856
510787;2023;1127;1127;2254
510787;2024;462;464;926
510790;2020;34;35;69
510790;2021;46;50;96
510790;2022;30;37;67
510790;2023;229;242;471
510790;2024;606;609;1215
510792;2020;71;80;151
510792;2021;249;259;508
510792;2022;424;434;858
510792;2023;102;118;220
510792;2024;67;68;135
510794;2021;1;2;3
510794;2022;5;7;12
510795;2020;8;8;16
510795;2022;6;8;14
510795;2023;6;6;12
510795;2024;1;2;3
510800;2021;1;2;3
510805;2021;2;2;4
510805;2023;3;3;6
510805;2024;4;6;10
510830;2023;1;2;3
510840;2021;33;37;70
510840;2022;3;4;7
510840;2023;9;11;20
510840;2024;10;10;20
510850;2022;2;2;4
510850;2023;1;2;3
510860;2021;7;8;15
510860;2022;2;2;4
510860;2024;2;4;6
510880;2020;85;86;171
510880;2021;4;2;6
510880;2022;16;18;34
510880;2023;7;7;14
510880;2024;2;2;4
510895;2020;11;12;23
